id,white_population,african_american_pop,american_indian_alaska_native_pop,asian_pop,Other,Total_Population,County,State,Location,Percentage
0500000US36117,85349.0,2815.0,142.0,655.0,3090.0,92051.0,Wayne, New York,"(43.144336, -77.117995)",36.8
0500000US36119,647943.0,139734.0,6548.0,57679.0,120730.0,972634.0,Westchester, New York,"(41.039278, -73.805386)",21.0
0500000US36121,37460.0,2642.0,129.0,367.0,590.0,41188.0,Wyoming, New York,"(42.723641, -78.204473)",29.3
0500000US36001,236093.0,37346.0,161.0,18754.0,15817.0,308171.0,Albany, New York,"(42.678066, -73.814233)",26.0
0500000US36003,45459.0,687.0,676.0,212.0,702.0,47736.0,Allegany, New York,"(42.226801, -78.020567)",30.6
0500000US36005,287405.0,477980.0,7560.0,55057.0,610157.0,1438159.0,Bronx, New York,"(40.85589, -73.868294)",31.0
0500000US36007,170843.0,10367.0,631.0,8516.0,6992.0,197349.0,Broome, New York,"(42.122015, -75.933191)",31.7
0500000US36009,72271.0,1572.0,2354.0,783.0,1620.0,78600.0,Cattaraugus, New York,"(42.224267, -78.606673)",33.5
0500000US36011,72054.0,3588.0,589.0,159.0,2433.0,78823.0,Cayuga, New York,"(42.940095, -76.560755)",33.0
0500000US36013,123006.0,2952.0,630.0,334.0,5131.0,132053.0,Chautauqua, New York,"(42.246904, -79.315313)",32.1
0500000US36015,77192.0,4731.0,91.0,1848.0,3908.0,87770.0,Chemung, New York,"(42.116644, -76.812331)",29.8
0500000US36017,46984.0,330.0,129.0,475.0,1508.0,49426.0,Chenango, New York,"(42.481798, -75.570013)",38.9
0500000US36019,74009.0,3114.0,217.0,1289.0,3003.0,81632.0,Clinton, New York,"(44.731944, -73.548883)",26.8
0500000US36021,55618.0,2584.0,12.0,1182.0,2726.0,62122.0,Columbia, New York,"(42.276913, -73.682168)",24.0
0500000US36025,44253.0,1206.0,49.0,203.0,870.0,46581.0,Delaware, New York,"(42.242972, -74.997944)",25.8
0500000US36027,231851.0,30761.0,1630.0,11576.0,20761.0,296579.0,Dutchess, New York,"(41.686216, -73.840468)",25.5
0500000US36029,720192.0,124150.0,4483.0,30501.0,43509.0,922835.0,Erie, New York,"(42.888143, -78.795544)",30.7
0500000US36031,36049.0,1365.0,162.0,218.0,885.0,38679.0,Essex, New York,"(44.166026, -73.685145)",37.0
0500000US36033,42202.0,3395.0,3036.0,356.0,2273.0,51262.0,Franklin, New York,"(44.705699, -74.340621)",33.4
0500000US36035,51706.0,771.0,55.0,348.0,1225.0,54105.0,Fulton, New York,"(43.06014, -74.331296)",31.4
0500000US36037,54140.0,1464.0,339.0,524.0,2695.0,59162.0,Genesee, New York,"(43.000121, -78.172679)",30.8
0500000US36043,60988.0,833.0,211.0,354.0,1358.0,63744.0,Herkimer, New York,"(43.070026, -74.994246)",38.2
0500000US36045,102119.0,6094.0,585.0,2408.0,7897.0,119103.0,Jefferson, New York,"(44.019295, -75.898971)",31.8
0500000US36047,1119522.0,878783.0,7874.0,308927.0,306687.0,2621793.0,Kings, New York,"(40.65642, -73.950691)",24.8
0500000US36051,60813.0,2040.0,131.0,844.0,758.0,64586.0,Livingston, New York,"(42.763754, -77.765392)",32.7
0500000US36053,68568.0,834.0,1427.0,781.0,759.0,72369.0,Madison, New York,"(42.986917, -75.720031)",32.9
0500000US36055,570646.0,113962.0,4099.0,25081.0,36069.0,749857.0,Monroe, New York,"(43.161748, -77.620143)",24.5
0500000US36057,44062.0,1044.0,46.0,342.0,4285.0,49779.0,Montgomery, New York,"(42.933637, -74.341972)",30.1
0500000US36059,940760.0,157184.0,2740.0,118337.0,139606.0,1358627.0,Nassau, New York,"(40.715749, -73.601185)",20.8
0500000US36061,910469.0,244316.0,8448.0,192074.0,280961.0,1636268.0,New York, New York,"(40.726966, -74.005966)",16.8
0500000US36063,187276.0,15503.0,2651.0,2260.0,5835.0,213525.0,Niagara, New York,"(43.134634, -78.856419)",30.7
0500000US36065,201688.0,14946.0,357.0,8451.0,7429.0,232871.0,Oneida, New York,"(43.149482, -75.361773)",36.6
0500000US36067,375012.0,53276.0,2643.0,17676.0,19589.0,468196.0,Onondaga, New York,"(43.065629, -76.168033)",27.9
0500000US36069,102023.0,3178.0,792.0,1289.0,2425.0,109707.0,Ontario, New York,"(42.894571, -77.252045)",26.8
0500000US36071,278045.0,39248.0,1219.0,9638.0,47949.0,376099.0,Orange, New York,"(41.422459, -74.241929)",32.5
0500000US36073,36909.0,3106.0,84.0,292.0,1593.0,41984.0,Orleans, New York,"(43.248394, -78.218438)",38.5
0500000US36075,115169.0,1643.0,115.0,296.0,3690.0,120913.0,Oswego, New York,"(43.39123, -76.31133)",33.8
0500000US36077,57215.0,1042.0,69.0,990.0,1812.0,61128.0,Otsego, New York,"(42.564852, -75.060334)",25.9
0500000US36079,88935.0,2491.0,115.0,2400.0,5546.0,99487.0,Putnam, New York,"(41.41131, -73.717443)",20.5
0500000US36081,947570.0,429817.0,8821.0,578028.0,357344.0,2321580.0,Queens, New York,"(40.749338, -73.789673)",22.1
0500000US36083,138693.0,8606.0,37.0,3847.0,8591.0,159774.0,Rensselaer, New York,"(42.70098, -73.628669)",26.8
0500000US36085,354724.0,48233.0,1280.0,38028.0,31014.0,473279.0,Richmond, New York,"(40.566763, -74.148102)",23.2
0500000US36087,228015.0,39617.0,604.0,20470.0,35160.0,323866.0,Rockland, New York,"(41.127287, -74.017033)",23.1
0500000US36089,103359.0,2211.0,1403.0,1168.0,3259.0,111400.0,St. Lawrence, New York,"(44.689468, -75.242045)",32.7
0500000US36091,210847.0,3924.0,161.0,5204.0,4785.0,224921.0,Saratoga, New York,"(43.00894, -73.786779)",25.9
0500000US36093,121696.0,16601.0,131.0,7368.0,9939.0,155735.0,Schenectady, New York,"(42.809233, -73.946838)",32.8
0500000US36099,32123.0,1717.0,150.0,219.0,675.0,34884.0,Seneca, New York,"(42.833627, -76.82753)",28.9
0500000US36101,93486.0,1498.0,180.0,1580.0,1650.0,98394.0,Steuben, New York,"(42.270053, -77.324618)",32.8
0500000US36103,1206883.0,117514.0,4169.0,55311.0,119091.0,1502968.0,Suffolk, New York,"(40.820237, -73.119032)",28.4
0500000US36105,62419.0,6076.0,245.0,1058.0,6145.0,75943.0,Sullivan, New York,"(41.705166, -74.711705)",27.7
0500000US36109,84438.0,5104.0,118.0,10825.0,4206.0,104691.0,Tompkins, New York,"(42.461024, -76.478784)",21.1
0500000US36111,155477.0,10537.0,225.0,3887.0,10319.0,180445.0,Ulster, New York,"(41.848374, -74.099412)",26.4
0500000US36115,58318.0,2299.0,190.0,426.0,1139.0,62372.0,Washington, New York,"(43.289513, -73.454761)",28.4
